1005-85(L),5,,DIN,,,,2010-05-27 17:02:28
1005-84(L),7,,ANUAR,,,,2010-05-27 15:11:27
1005-83(L),7,,FAIZAL,,,,2010-05-27 14:39:43
1005-81(L),7,,AZZERI,,,,2010-05-27 12:43:14
1005-80(L),7,,ZULKIFLI,,,,2010-05-27 09:31:40
1005-81(L),7,,YUSUF,,,,2010-05-26 17:07:52
1005-79(L),6,,AZHAR,,,,2010-05-26 13:54:43
1005-78(L),7,,SUFIAN,,,,2010-05-26 13:49:48
1005-77(L),7,,NAUFAL,,,,2010-05-25 15:05:57
1005-76(L),7,,NAUFAL,,,,2010-05-25 15:05:42
1005-75(L),7,,NAUFAL,,,,2010-05-25 14:57:19
1005-74(L),7,,FAIZAL,,,,2010-05-25 12:59:19
1005-73(L),7,,YUSUF,,,,2010-05-25 12:35:46
1004-115(L),7,,SUFIAN,,,,2010-05-24 17:50:20
1004-114(L),7,,AZZERI,,,,2010-05-24 17:46:01
1005-72(L),7,,YUSUF,,,,2010-05-24 17:31:35
1005-71(L),7,,YUSUF,,,,2010-05-24 17:25:42
1005-70(L),7,,ISYRAF,,,,2010-05-24 17:15:50
1005-69(L),7,,SUZIE,,,,2010-05-24 15:54:15
1005-61(L),7,,NIK,,,,2010-05-24 12:40:28
1005-68(L),7,,ASHOK,,,,2010-05-24 11:33:54
1005-63(L),7,,FAIZAL,,,,2010-05-24 10:27:21
1005-62(O),7,,FAIZAL,,,,2010-05-24 10:12:41
1005-64(L),7,,FAIZAL,,,,2010-05-24 09:40:05
1005-65(L),7,,NIK,,,,2010-05-24 09:28:27
1005-66(L),7,,ZULKIFLI,,,,2010-05-24 09:06:18
1005-67(L),7,,ZULKIFLI,,,,2010-05-24 08:59:27
1005-60(L),7,,FAIZAL,,,,2010-05-20 14:19:25
1005-59(L),7,,ARHAM,,,,2010-05-19 11:35:14
1005-58(L),7,,NIK,,,,2010-05-19 11:21:41
1005-57(L),7,,ANUAR,,,,2010-05-19 10:35:29
1005-56(L),7,,ROSDI,,,,2010-05-18 16:24:25
1005-55(L),7,,NAUFAL,,,,2010-05-18 14:29:40
1005-53(L),7,,YUSUF,,,,2010-05-18 14:15:24
1005-52(O),7,,FAIZAL,,,,2010-05-18 13:08:22
1005-54(L),7,,ROSDI,,,,2010-05-18 12:04:18
1005-48(L),7,,ZULKIFLI,,,,2010-05-18 09:46:21
1005-49(L),7,,ASHOK,,,,2010-05-18 09:07:03
1005-43(L),7,,DIN,,,,2010-05-17 17:36:35
1005-50(O),7,,DIN,,,,2010-05-17 17:33:24
1005-51(L),7,,FAIZAL,,,,2010-05-17 17:30:48
1005-42(L),7,,ZULKIFLI,,,,2010-05-17 15:52:47
1005-41(L),7,,ARHAM,,,,2010-05-17 15:04:18
1005-40(L),7,,NIK,,,,2010-05-17 12:36:53
1005-44(L),7,,AZZERI,,,,2010-05-17 11:30:55
1005-45(L),7,,NIK,,,,2010-05-17 11:17:34
1005-46(L),7,,ZULKIFLI,,,,2010-05-17 11:02:09
1005-47(L),7,,FAIZAL,,,,2010-05-17 10:53:42
1005-39(L),7,,FAIZAL,,,,2010-05-17 09:27:36
1005-38(L),7,,DIN,,,,2010-05-17 09:11:25
1005-37(L),7,,ZULKIFLI,,,,2010-05-13 09:09:50
1005-36(L),7,,NIK,,,,2010-05-12 14:11:29
1005-35(O),7,,MARIA,,,,2010-05-12 13:25:55
1005-34(L),7,,MARIA,,,,2010-05-12 11:40:37
1005-33(L),7,,ARHAM,,,,2010-05-11 16:10:46
1005-34(L),7,,SUFIAN,,,,2010-05-11 09:27:56
1005-33(L),7,,AZZERI,,,,2010-05-11 09:18:11
1005-32(L),7,,ARHAM,,,,2010-05-10 17:53:54
1005-31(L),7,,NIK,,,,2010-05-10 17:20:27
1005-30(L),7,,ANUAR,,,,2010-05-10 17:13:37
1005-29(L),7,,ARHAM,,,,2010-05-10 16:35:36
1005-28(L),7,,ARHAM,,,,2010-05-10 15:23:52
1005-26(L),7,,FAKHRUL,,,,2010-05-10 14:55:00
1005-25(L),7,,FAKHRUL,,,,2010-05-10 12:47:27
1005-27(L),7,,ROSDI,,,,2010-05-10 10:15:36
1005-24(L),7,,ISYRAF,,,,2010-05-08 15:53:56
1005-23(L),7,,YUSUF,,,,2010-05-08 15:35:08
1005-22(L),7,,YUSUF,,,,2010-05-08 15:30:42
1005-21(L),7,,YUSUF,,,,2010-05-08 15:23:53
1005-20(L),7,,MARIA,,,,2010-05-07 17:47:07
1005-19(L),7,,YUSUF,,,,2010-05-07 11:06:04
1005-18(L),7,,ROSDI,,,,2010-05-07 09:18:36
1005-18(L),7,,ROSDI,,,,2010-05-07 09:06:00
1005-16(L),7,,ROSDI,,,,2010-05-07 09:01:51
1005-17(L),7,,ZULKIFLI,,,,2010-05-07 08:57:02
1005-15(L),7,,NAUFAL,,,,2010-05-05 13:57:29
1005-13(L),7,,ZULKIFLI,,,,2010-05-05 13:03:15
1005-14(L),7,,ZULKIFLI,,,,2010-05-05 13:03:06
1005-12(L),7,,NIK,,,,2010-05-05 12:28:59
1005-11(L),7,,SUFIAN,,,,2010-05-05 10:59:58
1005-10(L),7,,ROSDI,,,,2010-05-05 08:47:58
1005-09(L),7,,FAIZAL,,,,2010-05-04 17:03:00
1005-08(L),7,,DIN,,,,2010-05-04 12:08:24
1005-07(L),7,,DIN,,,,2010-05-04 12:08:14
1005-06(L),7,,NIK,,,,2010-05-04 10:50:21
1005-05(L),7,,ANUAR,,,,2010-05-04 10:46:02
1005-04(L),7,,YUSUF,,,,2010-05-04 09:50:47
1005-03(L),7,,ROSDI,,,,2010-05-03 17:32:32
1005-02(L),7,,YUSUF,,,,2010-05-03 15:12:08
1005-02(L),7,,AZHAR,,,,2010-05-03 15:02:38
1005-01(L),7,,NAUFAL,,,,2010-05-03 15:02:21
1004-113(L),7,,ROSDI,,,,2010-05-03 14:14:45
1004-112(L),7,,ROSDI,,,,2010-05-03 14:07:00
1004-111(L),7,,ANUAR,,,,2010-05-03 13:40:40
1004-110(L),7,,ANUAR,,,,2010-05-03 13:40:32
1004-109(L),7,,NIZAM,,,,2010-04-29 14:35:51
1004-106(L),7,,AZLAN,,,,2010-04-29 14:33:20
1004-107(L),7,,NAUFAL,,,,2010-04-29 13:35:41
1004-108(L),7,,NIK,,,,2010-04-29 13:33:31
1004-105(L),7,,ARHAM,,,,2010-04-28 17:03:18
1004-104(L),7,,NIZAM,,,,2010-04-28 12:31:41
1004-103(L),7,,ASHOK,,,,2010-04-28 12:01:30
1004-88(L),5,,PRAZI,,,,2010-04-28 09:16:07
1004-102(L),7,,ASHOK,,,,2010-04-27 16:50:11
1004-100(L),7,,FAIZAL,,,,2010-04-27 16:35:27
1004-101(L),7,,HAFIZ,,,,2010-04-27 16:33:35
1004-99(L),7,,MARIA,,,,2010-04-27 16:14:14
1004-98(L),7,,FAIZAL,,,,2010-04-27 15:52:56
1004-97(L),7,,ROSDI,,,,2010-04-27 15:41:38
1004-96(L),7,,ZULKIFLI,,,,2010-04-27 15:23:52
1004-95(L),7,,ZULKIFLI,,,,2010-04-27 14:36:30
1004-94(L),7,,ISYRAF,,,,2010-04-27 13:20:06
1004-93(L),7,,NIK,,,,2010-04-27 10:44:38
1004-92(L),7,,AZHAR,,,,2010-04-27 10:15:24
1004-91(L),7,,NIK,,,,2010-04-26 11:34:28
1004-90(L),7,,FAIZAL,,,,2010-04-26 11:30:31
1004-87(L),7,,NIK,,,,2010-04-26 11:19:07
1004-86(O),7,,NIK,,,,2010-04-26 11:14:55
1004-89(L),7,,NIK,,,,2010-04-26 11:05:37
1004-85(L),7,,AZHAR,,,,2010-04-23 17:29:18
1004-84(L),7,,YUSUF,,,,2010-04-23 16:20:52
1004-83(L),7,,ANUAR,,,,2010-04-23 16:03:10
1004-81(L),7,,NIK,,,,2010-04-22 16:10:51
1004-82(L),7,,ZULKIFLI,,,,2010-04-22 16:10:43
1004-80(L),7,,NIK,,,,2010-04-22 11:11:02
1004-79(L),7,,MARIA,,,,2010-04-22 10:42:22
1004-78(L),7,,NIK,,,,2010-04-22 10:17:18
1004-77(L),7,,MARIA,,,,2010-04-21 17:08:36
1004-55(L),7,,ISYRAF,,,,2010-04-21 14:39:04
1004-74(L),7,,ANUAR,,,,2010-04-21 14:05:26
1004-73(L),7,,ZULKIFLI,,,,2010-04-21 11:27:26
1004-75(L),7,,ANUAR,,,,2010-04-21 11:11:59
1004-76(L),7,,AZLAN,,,,2010-04-21 11:08:46
1004-72(L),7,,AZHAR,,,,2010-04-20 17:35:49
1004-71(O),7,,SUZIE,,,,2010-04-20 17:17:36
1004-70(L),7,,SUFIAN,,,,2010-04-20 17:00:56
1004-69(L),7,,ISYRAF,,,,2010-04-19 15:09:08
1004-68(L),7,,AZLAN,,,,2010-04-19 14:19:17
1004-67(L),7,,MARIA,,,,2010-04-19 14:12:11
1004-66(L),7,,ANUAR,,,,2010-04-19 13:27:36
1004-65(L),7,,ANUAR,,,,2010-04-19 13:23:14
1004-61(L),7,,SUFIAN,,,,2010-04-19 13:04:12
1004-62(L),7,,ARHAM,,,,2010-04-19 12:37:55
1004-63(L),7,,ARHAM,,,,2010-04-19 10:58:56
1004-64(L),7,,NIK,,,,2010-04-19 10:27:02
1004-60(L),7,,AZLAN,,,,2010-04-16 12:17:54
1004-59(L),7,,ARHAM,,,,2010-04-16 11:51:27
1004-58(L),7,,MARIA,,,,2010-04-16 09:25:25
1004-57(L),7,,FAIZAL,,,,2010-04-15 16:01:13
1004-55(L),7,,MARIA,,,,2010-04-14 13:24:42
1004-54(L),7,,MARIA,,,,2010-04-14 13:16:07
1004-56(L),7,,SUZIE,,,,2010-04-14 13:05:11
1004-53(L),7,,SUZIE,,,,2010-04-13 16:02:24
1004-52(L),7,,NIK,,,,2010-04-13 13:34:30
1004-51(L),7,,MARIA,,,,2010-04-13 13:17:49
1004-50(L),7,,MARIA,,,,2010-04-13 11:29:58
1004-49(L),7,,AZLAN,,,,2010-04-12 16:02:42
1004-48(L),7,,NIK,,,,2010-04-12 15:57:24
1004-45(L),7,,SUFIAN,,,,2010-04-12 14:59:30
1004-47(L),7,,FAIZAL,,,,2010-04-12 14:34:10
1004-46(L),7,,FAIZAL,,,,2010-04-12 12:59:47
1004-42(L),7,,AZLAN,,,,2010-04-12 12:20:55
1004-43(L),7,,ANUAR,,,,2010-04-12 12:19:57
1004-44(L),7,,FAKHRUL,,,,2010-04-12 12:19:43
1004-41(L),7,,NIK,,,,2010-04-12 09:20:33
1004-40(L),7,,AZHAR,,,,2010-04-12 09:13:57
1004-37(L),7,,FAIZAL,,,,2010-04-12 08:44:45
1004-36(L),7,,FAIZAL,,,,2010-04-12 08:44:35
1004-27(O),7,,AZLAN,,,,2010-04-09 15:06:08
1004-39(L),7,,YUSUF,,,,2010-04-09 08:46:21
1004-38(L),7,,FAKHRUL,,,,2010-04-08 17:26:00
1004-35(L),7,,NIK,,,,2010-04-08 16:35:07
1004-34(L),7,,ZULKIFLI,,,,2010-04-08 13:24:15
1004-32(L),7,,NIK,,,,2010-04-08 12:53:33
1004-33(L),7,,ZULKIFLI,,,,2010-04-08 11:26:00
1004-31(L),7,,SUZIE,,,,2010-04-08 09:23:34
1004-31(L),7,,SUZIE,,,,2010-04-08 09:23:04
1004-30(L),7,,YUSUF,,,,2010-04-07 17:01:31
1004-29(L),7,,YUSUF,,,,2010-04-07 16:50:29
1004-28(L),7,,YUSUF,,,,2010-04-07 16:39:06
1004-26(O),7,,FAIZAL,,,,2010-04-07 15:06:59
1004-24(L),7,,ZULKIFLI,,,,2010-04-07 14:29:56
1004-25(L),7,,ZULKIFLI,,,,2010-04-07 14:29:43
1004-23(O),7,,FAIZAL,,,,2010-04-07 11:38:18
1004-22(L),7,,NIK,,,,2010-04-07 10:40:39
1004-21(L),7,,NAUFAL,,,,2010-04-06 12:12:34
1004-21(L),7,,ASHOK,,,,2010-04-06 12:11:24
1004-20(L),7,,FAIZAL,,,,2010-04-06 09:52:25
1004-16(L),7,,ZULKIFLI,,,,2010-04-06 08:54:27
1004-18(L),7,,NIK,,,,2010-04-06 08:39:37
1004-19(L),7,,ISYRAF,,,,2010-04-06 08:33:36
1004-17(L),7,,ROSDI,,,,2010-04-05 16:51:34
1004-14(L),7,,AZHAR,,,,2010-04-05 14:20:48
1004-15(L),7,,NIK,,,,2010-04-05 09:19:14
1004-13(L),7,,ZULKIFLI,,,,2010-04-02 17:43:39
1004-07(L),7,,NAUFAL,,,,2010-04-02 15:37:42
1004-07(L),7,,MARIA,,,,2010-04-02 15:37:05
1004-11(L),7,,ASHOK,,,,2010-04-02 12:58:25
1004-12(L),7,,ASHOK,,,,2010-04-02 12:57:01
1004-10(L),7,,ASHOK,,,,2010-04-02 12:51:34
1004-09(L),7,,FAIZAL,,,,2010-04-02 12:33:04
1004-08(L),7,,ROSDI,,,,2010-04-02 11:24:37
1003-145(L),7,,ISYRAF,,,,2010-04-01 17:48:44
1004-05(L),7,,FAIZAL,,,,2010-04-01 16:23:43
1004-06(L),7,,ISYRAF,,,,2010-04-01 15:50:15
1004-04(L),7,,NAUFAL,,,,2010-04-01 13:01:03
1003-144(L),7,,ASHOK,,,,2010-04-01 12:34:11
1003-143(L),7,,ASHOK,,,,2010-04-01 11:32:45
1003-142(L),7,,ASHOK,,,,2010-04-01 11:24:54
1004-03(L),7,,ASHOK,,,,2010-04-01 10:47:51
1004-02(L),7,,NIK,,,,2010-04-01 09:28:07
1004-01(L),7,,NIK,,,,2010-04-01 08:52:34
1003-141(L),7,,FAIZAL,,,,2010-03-31 15:19:22
1003-139(L),7,,NIK,,,,2010-03-31 14:35:44
1003-140(L),7,,FAIZAL,,,,2010-03-31 12:46:43
1003-138(L),7,,NIK,,,,2010-03-31 12:34:28
1003-137(L),7,,NAUFAL,,,,2010-03-31 11:33:21
1003-136(L),7,,NAUFAL,,,,2010-03-31 11:33:02
1003-135(L),7,,ISYRAF,,,,2010-03-30 11:27:04
1003-133(L),7,,AZHAR,,,,2010-03-30 08:48:17
1003-134(L),7,,AZHAR,,,,2010-03-30 08:48:04
1003-131(L),7,,NIK,,,,2010-03-29 15:46:19
1003-132(L),7,,SUZANNA,,,,2010-03-29 14:40:41
1003-130(L),7,,YUSUF,,,,2010-03-29 14:13:50
1003-129(L),7,,AZLAN,,,,2010-03-29 11:05:55
1003-128(L),7,,AZLAN,,,,2010-03-29 11:00:47
1003-127(L),7,,NAUFAL,,,,2010-03-29 09:36:07
1003-126(L),7,,SUZIE,,,,2010-03-29 08:55:23
1003-125(L),7,,AZLAN,,,,2010-03-27 14:08:00
1003-119(L),7,,FAIZAL,,,,2010-03-26 13:02:22
1003-124(L),7,,SUZIE,,,,2010-03-26 12:59:44
1003-121(L),7,,FAKHRUL,,,,2010-03-26 11:01:18
1003-123(L),7,,AZHAR,,,,2010-03-26 11:01:09
1003-122(L),7,,ZULKIFLI,,,,2010-03-26 10:23:08
1003-120(L),7,,SUZIE,,,,2010-03-26 09:06:06
1003-119(L),7,,AZLAN,,,,2010-03-26 09:03:22
1003-118(L),7,,FAIZAL,,,,2010-03-25 17:19:59
1003-117(L),7,,AZHAR,,,,2010-03-25 16:08:52
1003-116(O),7,,FAIZAL,,,,2010-03-25 13:33:20
1003-115(L),7,,FAIZAL,,,,2010-03-25 13:00:01
1003-114(L),7,,ANUAR,,,,2010-03-25 12:41:29
1003-113(L),7,,AZHAR,,,,2010-03-25 12:37:45
1003-112(L),7,,NIK,,,,2010-03-25 11:13:54
1003-110(L),7,,AZLAN,,,,2010-03-24 16:15:45
1003-111(L),7,,NAUFAL,,,,2010-03-24 16:04:01
1003-109(L),7,,AZLAN,,,,2010-03-24 11:44:23
1003-108(L),7,,ZULKIFLI,,,,2010-03-24 08:56:59
1003-108(L),7,,NAUFAL,,,,2010-03-24 08:52:45
1003-107(L),7,,FAIZAL,,,,2010-03-23 17:07:47
1003-106(L),7,,NIK,,,,2010-03-23 13:24:07
1003-105(L),7,,YUSUF,,,,2010-03-23 13:13:38
1003-102(L),7,,AZZERI,,,,2010-03-23 10:21:50
1003-102(L),7,,AZLAN,,,,2010-03-23 10:21:41
1003-104(L),7,,AZZERI,,,,2010-03-23 10:21:25
1003-103(L),7,,AZZERI,,,,2010-03-23 10:21:14
1003-82(L),7,,ROSDI,,,,2010-03-23 09:02:07
1003-81(L),7,,ROSDI,,,,2010-03-23 09:01:54
1003-101(L),7,,SUZIE,,,,2010-03-22 15:12:40
1003-99(L),7,,NAUFAL,,,,2010-03-22 14:54:07
1003-100(L),7,,AZLAN,,,,2010-03-22 14:31:22
1003-98(L),7,,SUZIE,,,,2010-03-22 12:02:02
1003-97(L),7,,AZZERI,,,,2010-03-22 11:51:17
1003-96(L),7,,NAUFAL,,,,2010-03-22 11:47:47
1003-95(L),7,,NAUFAL,,,,2010-03-22 11:43:28
1003-94(L),7,,ASHOK,,,,2010-03-22 11:08:11
1003-93(L),7,,ASHOK,,,,2010-03-22 09:47:22
1003-92(O),7,,SUZIE,,,,2010-03-22 09:36:34
1003-91(L),7,,FAIZAL,,,,2010-03-22 08:59:25
1003-90(L),7,,AZLAN,,,,2010-03-19 15:17:39
1003-89(L),7,,YUSUF,,,,2010-03-19 11:47:15
1003-88(L),7,,ASHOK,,,,2010-03-19 10:18:39
1003-87(L),7,,ISYRAF,,,,2010-03-19 09:07:35
1003-86(L),7,,ZULKIFLI,,,,2010-03-18 17:00:26
1003-85(L),7,,ZULKIFLI,,,,2010-03-18 16:59:45
1003-84(L),7,,ZULKIFLI,,,,2010-03-18 16:59:28
1003-83(L),7,,SUZIE,,,,2010-03-18 14:26:59
1003-80(L),7,,ARHAM,,,,2010-03-18 13:56:29
1003-79(L),7,,ARHAM,,,,2010-03-18 13:55:18
1003-78(L),7,,AZZERI,,,,2010-03-18 09:43:29
1003-65(L),7,,AZZERI,,,,2010-03-17 16:42:18
1003-61(L),7,,ARHAM,,,,2010-03-16 13:22:03
1003-77(L),7,,FAIZAL,,,,2010-03-16 13:21:16
1003-76(L),7,,ISYRAF,,,,2010-03-16 12:57:22
1003-75(L),7,,MARIA,,,,2010-03-16 12:46:10
1003-74(L),7,,DIN,,,,2010-03-16 11:21:54
1003-73(L),7,,NIK,,,,2010-03-16 10:27:15
1003-72(L),7,,ZULKIFLI,,,,2010-03-16 09:39:59
1003-71(L),7,,YUSUF,,,,2010-03-16 09:01:42
1003-70(L),7,,FAIZAL,,,,2010-03-16 08:51:36
1003-68(L),7,,SUZIE,,,,2010-03-15 15:19:14
1003-69(L),7,,ASHOK,,,,2010-03-15 15:14:25
1003-67(L),7,,SUZIE,,,,2010-03-15 15:06:10
1003-66(L),7,,NIK,,,,2010-03-15 14:26:42
1003-65(L),7,,NAUFAL,,,,2010-03-15 14:16:28
1003-64(L),7,,NIK,,,,2010-03-15 13:43:29
1003-63(L),7,,ARHAM,,,,2010-03-15 12:48:23
1003-62(L),7,,YUSUF,,,,2010-03-15 12:29:11
1003-61(L),7,,ARHAM,,,,2010-03-15 11:32:48
1003-60(L),7,,NIK,,,,2010-03-15 11:23:21
1003-52(L),7,,FAIZAL,,,,2010-03-15 10:43:34
1003-58(L),7,,ZULKIFLI,,,,2010-03-15 10:08:19
1003-59(L),7,,ZULKIFLI,,,,2010-03-15 10:07:26
1003-56(L),7,,YUSUF,,,,2010-03-15 09:53:29
1003-57(L),7,,DIN,,,,2010-03-15 09:47:36
1003-56(L),7,,ZULKIFLI,,,,2010-03-15 09:24:34
1003-55(L),7,,NIK,,,,2010-03-12 18:04:31
1003-54(L),7,,SUZIE,,,,2010-03-12 17:47:52
1003-53(L),7,,YUSUF,,,,2010-03-12 17:42:54
1003-51(L),7,,ZULKIFLI,,,,2010-03-12 17:02:47
1003-49(L),7,,FAIZAL,,,,2010-03-12 16:19:51
1003-50(L),7,,ARHAM,,,,2010-03-12 15:38:10
1003-46(L),7,,NAUFAL,,,,2010-03-12 14:43:37
1003-48(L),7,,NIK,,,,2010-03-12 13:58:01
1003-47(L),7,,ISYRAF,,,,2010-03-12 12:21:48
1003-46(L),7,,NAUFAL,,,,2010-03-11 14:35:32
1003-45(L),7,,SUFIAN,,,,2010-03-11 14:27:02
1003-44(L),7,,FAIZAL,,,,2010-03-11 14:07:35
1003-44(L),7,,SUFIAN,,,,2010-03-11 13:24:58
1003-42(L),7,,NAUFAL,,,,2010-03-11 11:11:19
1003-41(L),7,,DIN,,,,2010-03-10 15:15:14
1003-40(L),7,,SUZIE,,,,2010-03-10 08:53:36
1003-39(L),7,,FAKHRUL,,,,2010-03-09 16:42:40
1003-38(L),7,,NIK,,,,2010-03-09 15:42:46
1003-36(L),7,,NIK,,,,2010-03-09 11:13:48
1003-35(L),7,,ROSDI,,,,2010-03-09 11:13:34
1003-37(L),7,,FAKHRUL,,,,2010-03-09 10:27:37
1003-34(L),7,,FAKHRUL,,,,2010-03-09 09:27:22
1003-26(O),7,,NIK,,,,2010-03-08 16:02:07
1003-33(L),7,,ANUAR,,,,2010-03-08 14:16:50
1003-32(L),7,,YUSUF,,,,2010-03-08 14:08:09
1003-31(L),7,,ROSDI,,,,2010-03-08 14:03:35
1003-30(L),7,,ASHOK,,,,2010-03-08 09:29:33
1003-29(L),7,,ASHOK,,,,2010-03-08 09:16:34
1003-28(L),7,,AZZERI,,,,2010-03-08 09:09:02
1003-27(L),7,,NIK,,,,2010-03-05 17:28:30
1003-25(L),7,,NAUFAL,,,,2010-03-05 17:08:59
1003-24(L),7,,ASHOK,,,,2010-03-05 14:51:52
1003-23(L),7,,ROSDI,,,,2010-03-05 13:59:45
1003-22(L),7,,DIN,,,,2010-03-05 12:46:50
1003-22(L),7,,ZULKIFLI,,,,2010-03-04 17:11:31
1003-21(L),7,,ARHAM,,,,2010-03-04 15:47:17
1003-20(L),7,,MARIA,,,,2010-03-04 12:43:18
1003-19(L),7,,MARIA,,,,2010-03-04 09:05:12
1003-18(L),7,,AZZERI,,,,2010-03-03 10:41:37
1003-17(L),7,,AZZERI,,,,2010-03-03 10:31:31
1003-16(L),7,,AZZERI,,,,2010-03-03 10:31:24
1003-15(L),7,,SUZANNA,,,,2010-03-03 09:25:50
1003-14(L),7,,AZHAR,,,,2010-03-02 16:26:41
1003-12(L),7,,SUZANNA,,,,2010-03-02 14:12:50
1003-13(L),7,,ZULKIFLI,,,,2010-03-02 14:10:31
1003-11(L),7,,ANUAR,,,,2010-03-02 13:24:52
1003-10(L),7,,AZZERI,,,,2010-03-02 12:45:25
1003-09(L),7,,AZZERI,,,,2010-03-02 12:38:02
1003-08(L),7,,SUZIE,,,,2010-03-01 17:17:06
1002-90(L),7,,NIK,,,,2010-03-01 16:45:18
1003-07(L),7,,DIN,,,,2010-03-01 14:25:41
1003-06(L),7,,ZULKIFLI,,,,2010-03-01 14:01:34
1003-05(L),7,,SUZANNA,,,,2010-03-01 12:54:33
1002-104(L),7,,AZHAR,,,,2010-03-01 12:11:10
1003-04(L),7,,AZHAR,,,,2010-03-01 12:08:43
1002-103(L),7,,ISYRAF,,,,2010-03-01 11:52:42
1003-02(L),7,,NIK,,,,2010-03-01 11:37:22
1003-03(L),7,,FAIZAL,,,,2010-03-01 11:13:49
1003-01(L),7,,MARIA,,,,2010-03-01 09:17:48
1002-101(L),7,,ANUAR,,,,2010-03-01 09:02:20
1002-98(O),7,,NIK,,,,2010-02-25 14:07:13
1002-102(L),7,,SUFIAN,,,,2010-02-25 13:34:27
1002-100(L),7,,NIK,,,,2010-02-25 12:03:47
1002-99(L),7,,MARIA,,,,2010-02-25 11:12:44
1002-97(L),7,,SUZIE,,,,2010-02-25 08:57:05
1002-96(L),7,,SUFIAN,,,,2010-02-24 17:21:33
1002-95(L),7,,ARHAM,,,,2010-02-24 10:02:33
1002-88(L),7,,ZULKIFLI,,,,2010-02-24 09:51:33
1002-91(L),7,,SUFIAN,,,,2010-02-23 16:52:16
1002-94(L),7,,ZULKIFLI,,,,2010-02-23 16:46:38
1002-93(L),7,,ZULKIFLI,,,,2010-02-23 16:46:25
1002-92(L),7,,SUZANNA,,,,2010-02-23 15:51:20
1002-91(L),7,,ZULKIFLI,,,,2010-02-23 15:33:05
1002-89(L),7,,YUSUF,,,,2010-02-23 13:05:59
1002-88(L),7,,DIN,,,,2010-02-23 12:59:02
1002-87(O),7,,YUSUF,,,,2010-02-23 10:33:44
1002-54(L),7,,DIN,,,,2010-02-23 09:53:27
1001-91(L),7,,FAKHRUL,,,,2010-02-22 14:51:43
1002-86(L),7,,ZULKIFLI,,,,2010-02-22 14:07:18
1002-84(L),7,,MARIA,,,,2010-02-22 13:55:57
1002-85(L),7,,AZLAN,,,,2010-02-22 13:49:55
1002-77(L),7,,ZULKIFLI,,,,2010-02-22 13:47:19
1002-82(L),7,,ZULKIFLI,,,,2010-02-22 13:04:16
1002-79(L),7,,ZULKIFLI,,,,2010-02-22 12:50:35
1002-83(L),7,,FAIZAL,,,,2010-02-22 11:25:37
1002-81(L),7,,YUSUF,,,,2010-02-22 10:16:56
1002-79(L),7,,MARIA,,,,2010-02-22 09:57:47
1002-80(L),7,,DIN,,,,2010-02-22 09:55:47
1002-78(L),7,,NAUFAL,,,,2010-02-19 16:40:39
1002-76(L),7,,AZZERI,,,,2010-02-19 16:17:36
1002-74(L),7,,SUZIE,,,,2010-02-19 14:25:05
1002-75(L),7,,FAKHRUL,,,,2010-02-19 12:07:46
1002-74(L),7,,FAKHRUL,,,,2010-02-19 12:04:23
1002-71(L),7,,SUFIAN,,,,2010-02-18 16:21:25
1002-73(L),7,,SUZIE,,,,2010-02-18 15:16:26
1002-68(L),7,,AZLAN,,,,2010-02-18 11:54:35
1002-69(L),7,,NAUFAL,,,,2010-02-18 11:51:54
1002-70(L),7,,NAUFAL,,,,2010-02-18 11:38:30
1002-71(L),7,,ISYRAF,,,,2010-02-18 10:36:42
1002-67(L),7,,FAIZAL,,,,2010-02-18 10:08:27
1002-72(O),7,,ARHAM,,,,2010-02-18 10:07:57
1002-66(L),7,,NIK,,,,2010-02-17 14:30:13
1002-65(L),7,,FAIZAL,,,,2010-02-17 14:29:58
1002-64(L),7,,FAIZAL,,,,2010-02-17 14:29:33
1002-59(L),7,,ROSDI,,,,2010-02-17 12:52:54
1002-63(L),7,,ISYRAF,,,,2010-02-17 09:53:58
1002-62(L),7,,ASHOK,,,,2010-02-17 09:17:54
1002-61(L),7,,ISYRAF,,,,2010-02-12 18:13:19
1002-60(L),7,,NIK,,,,2010-02-12 18:05:27
1002-58(L),7,,AZLAN,,,,2010-02-12 17:42:15
1002-57(L),7,,AZZERI,,,,2010-02-12 17:32:43
1001-91(L),7,,ANUAR,,,,2010-02-12 17:22:37
1001-93(L),7,,DIN,,,,2010-02-12 17:18:29
1002-56(O),7,,SUFIAN,,,,2010-02-12 11:16:10
1002-55(L),7,,ASHOK,,,,2010-02-12 10:55:53
1002-52(O),7,,YUSUF,,,,2010-02-12 10:04:54
1002-53(L),7,,AZLAN,,,,2010-02-11 16:38:17
1002-40(L),7,,NIK,,,,2010-02-11 11:56:49
1002-51(L),7,,SUZANNA,,,,2010-02-11 11:53:50
1002-47(L),7,,SUZANNA,,,,2010-02-11 11:38:22
1002-50(L),7,,ZULKIFLI,,,,2010-02-11 11:25:26
1002-49(L),7,,ANUAR,,,,2010-02-11 11:10:22
1002-48(L),7,,ANUAR,,,,2010-02-11 10:53:11
1002-46(L),7,,MARIA,,,,2010-02-11 10:06:18
1002-45(L),7,,NAUFAL,,,,2010-02-11 09:58:45
1002-43(L),7,,DIN,,,,2010-02-10 17:01:00
1002-39(L),7,,NIK,,,,2010-02-10 15:58:49
1002-44(L),7,,AZLAN,,,,2010-02-10 14:54:31
1002-38(L),7,,NIK,,,,2010-02-10 14:21:47
1002-42(L),7,,NIK,,,,2010-02-10 13:29:58
1002-41(L),7,,ZULKIFLI,,,,2010-02-10 13:04:50
1002-30(L),7,,ZULKIFLI,,,,2010-02-10 10:12:21
1002-37(L),7,,DIN,,,,2010-02-10 09:55:28
1002-36(L),7,,ZULKIFLI,,,,2010-02-10 09:03:26
1002-35(L),7,,ZULKIFLI,,,,2010-02-10 08:53:07
1002-34(O),7,,ARHAM,,,,2010-02-09 15:25:32
1002-33(L),7,,ISYRAF,,,,2010-02-09 15:20:53
1002-16(L),7,,ZULKIFLI,,,,2010-02-09 14:00:12
1002-31(L),7,,ANUAR,,,,2010-02-08 17:00:02
1002-25(L),7,,ROSDI,,,,2010-02-09 10:58:28
1002-29(L),7,,FAIZAL,,,,2010-02-09 10:56:43
1002-25(L),7,,FAIZAL,,,,2010-02-09 09:47:20
1002-16(L),7,,MARIA,,,,2010-02-09 09:44:43
1002-27(L),7,,ANUAR,,,,2010-02-09 10:03:41
1002-32(L),7,,DIN,,,,2010-02-09 08:43:54
1002-22(L),7,,SUZIE,,,,2010-02-08 16:06:08
1002-28(L),7,,ASHOK,,,,2010-02-08 15:37:07
1002-26(L),7,,DIN,,,,2010-02-08 15:05:44
1002-18(L),7,,AZHAR,,,,2010-02-08 14:13:17
1002-24(L),7,,FAIZAL,,,,2010-02-05 17:43:06
1002-23(L),7,,ZULKIFLI,,,,2010-02-08 13:29:54
1002-22(L),7,,MARIA,,,,2010-02-08 11:45:51
1002-21(L),7,,MARIA,,,,2010-02-08 11:45:41
1002-20(L),7,,ANUAR,,,,2010-02-08 11:29:51
1002-19(L),7,,FAKHRUL,,,,2010-02-08 11:15:08
1002-18(L),7,,FAKHRUL,,,,2010-02-05 17:49:44
1002-17(L),7,,MARIA,,,,2010-02-05 15:39:13
1002-16(L),7,,AZHAR,,,,2010-02-05 15:33:48
1002-15(L),7,,SUZIE,,,,2010-02-05 15:16:40
1002-14(L),7,,SUFIAN,,,,2010-02-05 11:50:03
1002-13(L),7,,DIN,,,,2010-02-05 12:31:25
1002-12(L),7,,DIN,,,,2010-02-05 12:31:11
1002-11(L),7,,SUZIE,,,,2010-02-05 11:50:14
1002-03(L),7,,DIN,,,,2010-02-04 17:50:17
1002-10(L),7,,ISYRAF,,,,2010-02-04 11:39:00
1002-09(L),7,,YUSUF,,,,2010-02-04 11:17:03
1002-03(L),7,,MARIA,,,,2010-02-04 09:16:29
1002-08(L),7,,ISYRAF,,,,2010-02-04 09:07:37
1002-07(L),7,,NAUFAL,,,,2010-02-03 15:27:40
1002-04(L),7,,MARIA,,,,2010-02-03 15:14:43
1002-06(L),7,,NIK,,,,2010-02-02 18:55:11
1002-06(L),7,,NAUFAL,,,,2010-02-02 18:55:03
1002-05(L),7,,NIK,,,,2010-02-02 18:54:51
1002-02(L),7,,SUZIE,,,,2010-02-01 13:43:18
1002-01(L),7,,ASHOK,,,,2010-02-01 08:56:43